#Label,X_est,Y_est,Z_est
TEL PED 01,-14352.06495,5934596.456,756.3732976
TEL PED 02,-14788.59512,5934846.274,749.9747924
TEL PED 03,-14787.51644,5934798.061,750.5164692
TEL PED 04,-14788.10464,5934800.559,750.5668217
TEL PED 05,-15074.49323,5934267.01,749.2147142
TEL PED 06,-15320.7403,5933728.117,756.9983092
TEL PED 07,-15350.01399,5933730.469,760.0182163
TEL PED 08,-15254.27923,5933916.092,759.0097998
